t,p,q,in equilibrium,p_e,q_e
0,32.05,50.0,False,50.0,50.0
1,40.05,51.0000001,False,49.9999999,51.0000001
2,48.05,52.0000002,False,49.9999998,52.0000002
3,49.9999998,53.0000002,False,49.9999997,53.0000003
4,49.9999997,54.0000003,False,49.9999996,54.0000004
5,49.9999996,50.0000004,False,49.9999995,50.0000005
6,49.9999995,51.0000005,False,49.9999994,51.0000006
7,49.9999994,52.0000006,False,49.9999993,52.0000007
8,49.9999993,53.0000007,False,49.9999992,53.0000008
9,49.9999992,54.0000008,False,49.9999991,54.0000009
10,49.9999991,50.0000009,False,49.999999,50.000001
11,49.999999,51.000001,False,49.9999989,51.0000011
12,49.9999989,52.0000011,False,49.9999988,52.0000012
13,49.9999988,53.0000012,False,49.9999987,53.0000013
14,49.9999987,54.0000013,False,49.9999986,54.0000014
15,49.9999986,50.0000014,False,49.9999985,50.0000015
16,49.9999985,51.0000015,False,49.9999984,51.0000016
17,49.9999984,52.0000016,False,49.9999983,52.0000017
18,49.9999983,53.0000017,False,49.9999982,53.0000018
19,49.9999982,54.0000018,False,49.9999981,54.0000019
20,49.9999981,50.0000019,False,49.999998,50.000002
21,49.999998,51.000002,False,49.9999979,51.0000021
22,49.9999979,52.0000021,False,49.9999978,52.0000022
23,49.9999978,53.0000022,False,49.9999977,53.0000023
24,49.9999977,54.0000023,False,49.9999976,54.0000024
25,49.9999976,50.0000024,False,49.9999975,50.0000025
26,49.9999975,51.0000025,False,49.9999974,51.0000026
27,49.9999974,52.0000026,False,49.9999973,52.0000027
28,49.9999973,53.0000027,False,49.9999972,53.0000028
29,49.9999972,54.0000028,False,49.9999971,54.0000029
30,49.9999971,50.0000029,False,49.999997,50.000003
31,49.999997,51.000003,False,49.9999969,51.0000031
32,49.9999969,52.0000031,False,49.9999968,52.0000032
33,49.9999968,53.0000032,False,49.9999967,53.0000033
34,49.9999967,54.0000033,False,49.9999966,54.0000034
35,49.9999966,50.0000034,False,49.9999965,50.0000035
36,49.9999965,51.0000035,False,49.9999964,51.0000036
37,49.9999964,52.0000036,False,49.9999963,52.0000037
38,49.9999963,53.0000037,False,49.9999962,53.0000038
39,49.9999962,54.0000038,False,49.9999961,54.0000039
40,49.9999961,50.0000039,False,49.999996,50.000004
41,49.999996,51.000004,False,49.9999959,51.0000041
42,49.9999959,52.0000041,False,49.9999958,52.0000042
43,49.9999958,53.0000042,False,49.9999957,53.0000043
44,49.9999957,54.0000043,False,49.9999956,54.0000044
45,49.9999956,50.0000044,False,49.9999955,50.0000045
46,49.9999955,51.0000045,False,49.9999954,51.0000046
47,49.9999954,52.0000046,False,49.9999953,52.0000047
48,49.9999953,53.0000047,False,49.9999952,53.0000048
49,49.9999952,54.0000048,False,49.9999951,54.0000049
50,49.9999951,50.0000049,False,49.999995,50.000005
51,49.999995,51.000005,False,49.9999949,51.0000051
52,49.9999949,52.0000051,False,49.9999948,52.0000052
53,49.9999948,53.0000052,False,49.9999947,53.0000053
54,49.9999947,54.0000053,False,49.9999946,54.0000054
55,49.9999946,50.0000054,False,49.9999945,50.0000055
56,49.9999945,51.0000055,False,49.9999944,51.0000056
57,49.9999944,52.0000056,False,49.9999943,52.0000057
58,49.9999943,53.0000057,False,49.9999942,53.0000058
59,49.9999942,54.0000058,False,49.9999941,54.0000059
60,49.9999941,50.0000059,False,49.999994,50.000006
61,49.999994,51.000006,False,49.9999939,51.0000061
62,49.9999939,52.0000061,False,49.9999938,52.0000062
63,49.9999938,53.0000062,False,49.9999937,53.0000063
64,49.9999937,54.0000063,False,49.9999936,54.0000064
65,49.9999936,50.0000064,False,49.9999935,50.0000065
66,49.9999935,51.0000065,False,49.9999934,51.0000066
67,49.9999934,52.0000066,False,49.9999933,52.0000067
68,49.9999933,53.0000067,False,49.9999932,53.0000068
69,49.9999932,54.0000068,False,49.9999931,54.0000069
70,49.9999931,50.0000069,False,49.999993,50.000007
71,49.999993,51.000007,False,49.9999929,51.0000071
72,49.9999929,52.0000071,False,49.9999928,52.0000072
73,49.9999928,53.0000072,False,49.9999927,53.0000073
74,49.9999927,54.0000073,False,49.9999926,54.0000074
75,49.9999926,50.0000074,False,49.9999925,50.0000075
76,49.9999925,51.0000075,False,49.9999924,51.0000076
77,49.9999924,52.0000076,False,49.9999923,52.0000077
78,49.9999923,53.0000077,False,49.9999922,53.0000078
79,49.9999922,54.0000078,False,49.9999921,54.0000079
80,49.9999921,50.0000079,False,49.999992,50.000008
81,49.999992,51.000008,False,49.9999919,51.0000081
82,49.9999919,52.0000081,False,49.9999918,52.0000082
83,49.9999918,53.0000082,False,49.9999917,53.0000083
84,49.9999917,54.0000083,False,49.9999916,54.0000084
85,49.9999916,50.0000084,False,49.9999915,50.0000085
86,49.9999915,51.0000085,False,49.9999914,51.0000086
87,49.9999914,52.0000086,False,49.9999913,52.0000087
88,49.9999913,53.0000087,False,49.9999912,53.0000088
89,49.9999912,54.0000088,False,49.9999911,54.0000089
90,49.9999911,50.0000089,False,49.999991,50.000009
91,49.999991,51.000009,False,49.9999909,51.0000091
92,49.9999909,52.0000091,False,49.9999908,52.0000092
93,49.9999908,53.0000092,False,49.9999907,53.0000093
94,49.9999907,54.0000093,False,49.9999906,54.0000094
95,49.9999906,50.0000094,False,49.9999905,50.0000095
96,49.9999905,51.0000095,False,49.9999904,51.0000096
97,49.9999904,52.0000096,False,49.9999903,52.0000097
98,49.9999903,53.0000097,False,49.9999902,53.0000098
99,49.9999902,54.0000098,False,49.9999901,54.0000099
100,49.9999901,50.0000099,False,49.99999,50.00001
101,49.99999,51.00001,False,49.9999899,51.0000101
102,49.9999899,52.0000101,False,49.9999898,52.0000102
103,49.9999898,53.0000102,False,49.9999897,53.0000103
104,49.9999897,54.0000103,False,49.9999896,54.0000104
105,49.9999896,50.0000104,False,49.9999895,50.0000105
106,49.9999895,51.0000105,False,49.9999894,51.0000106
107,49.9999894,52.0000106,False,49.9999893,52.0000107
108,49.9999893,53.0000107,False,49.9999892,53.0000108
109,49.9999892,54.0000108,False,49.9999891,54.0000109
110,49.9999891,50.0000109,False,49.999989,50.000011
111,49.999989,51.000011,False,49.9999889,51.0000111
112,49.9999889,52.0000111,False,49.9999888,52.0000112
113,49.9999888,53.0000112,False,49.9999887,53.0000113
114,49.9999887,54.0000113,False,49.9999886,54.0000114
115,49.9999886,50.0000114,False,49.9999885,50.0000115
116,49.9999885,51.0000115,False,49.9999884,51.0000116
117,49.9999884,52.0000116,False,49.9999883,52.0000117
118,49.9999883,53.0000117,False,49.9999882,53.0000118
119,49.9999882,54.0000118,False,49.9999881,54.0000119
120,49.9999881,50.0000119,False,49.999988,50.000012
121,49.999988,51.000012,False,49.9999879,51.0000121
122,49.9999879,52.0000121,False,49.9999878,52.0000122
123,49.9999878,53.0000122,False,49.9999877,53.0000123
124,49.9999877,54.0000123,False,49.9999876,54.0000124
125,49.9999876,50.0000124,False,49.9999875,50.0000125
126,49.9999875,51.0000125,False,49.9999874,51.0000126
127,49.9999874,52.0000126,False,49.9999873,52.0000127
128,49.9999873,53.0000127,False,49.9999872,53.0000128
129,49.9999872,54.0000128,False,49.9999871,54.0000129
130,49.9999871,50.0000129,False,49.999987,50.000013
131,49.999987,51.000013,False,49.9999869,51.0000131
132,49.9999869,52.0000131,False,49.9999868,52.0000132
133,49.9999868,53.0000132,False,49.9999867,53.0000133
134,49.9999867,54.0000133,False,49.9999866,54.0000134
135,49.9999866,50.0000134,False,49.9999865,50.0000135
136,49.9999865,51.0000135,False,49.9999864,51.0000136
137,49.9999864,52.0000136,False,49.9999863,52.0000137
138,49.9999863,53.0000137,False,49.9999862,53.0000138
139,49.9999862,54.0000138,False,49.9999861,54.0000139
140,49.9999861,50.0000139,False,49.999986,50.000014
141,49.999986,51.000014,False,49.9999859,51.0000141
142,49.9999859,52.0000141,False,49.9999858,52.0000142
143,49.9999858,53.0000142,False,49.9999857,53.0000143
144,49.9999857,54.0000143,False,49.9999856,54.0000144
145,49.9999856,50.0000144,False,49.9999855,50.0000145
146,49.9999855,51.0000145,False,49.9999854,51.0000146
147,49.9999854,52.0000146,False,49.9999853,52.0000147
148,49.9999853,53.0000147,False,49.9999852,53.0000148
149,49.9999852,54.0000148,False,49.9999851,54.0000149
150,49.9999851,50.0000149,False,49.999985,50.000015
151,49.999985,51.000015,False,49.9999849,51.0000151
152,49.9999849,52.0000151,False,49.9999848,52.0000152
153,49.9999848,53.0000152,False,49.9999847,53.0000153
154,49.9999847,54.0000153,False,49.9999846,54.0000154
155,49.9999846,50.0000154,False,49.9999845,50.0000155
156,49.9999845,51.0000155,False,49.9999844,51.0000156
157,49.9999844,52.0000156,False,49.9999843,52.0000157
158,49.9999843,53.0000157,False,49.9999842,53.0000158
159,49.9999842,54.0000158,False,49.9999841,54.0000159
160,49.9999841,50.0000159,False,49.999984,50.000016
161,49.999984,51.000016,False,49.9999839,51.0000161
162,49.9999839,52.0000161,False,49.9999838,52.0000162
163,49.9999838,53.0000162,False,49.9999837,53.0000163
164,49.9999837,54.0000163,False,49.9999836,54.0000164
165,49.9999836,50.0000164,False,49.9999835,50.0000165
166,49.9999835,51.0000165,False,49.9999834,51.0000166
167,49.9999834,52.0000166,False,49.9999833,52.0000167
168,49.9999833,53.0000167,False,49.9999832,53.0000168
169,49.9999832,54.0000168,False,49.9999831,54.0000169
170,49.9999831,50.0000169,False,49.999983,50.000017
171,49.999983,51.000017,False,49.9999829,51.0000171
172,49.9999829,52.0000171,False,49.9999828,52.0000172
173,49.9999828,53.0000172,False,49.9999827,53.0000173
174,49.9999827,54.0000173,False,49.9999826,54.0000174
175,49.9999826,50.0000174,False,49.9999825,50.0000175
176,49.9999825,51.0000175,False,49.9999824,51.0000176
177,49.9999824,52.0000176,False,49.9999823,52.0000177
178,49.9999823,53.0000177,False,49.9999822,53.0000178
179,49.9999822,54.0000178,False,49.9999821,54.0000179
180,49.9999821,50.0000179,False,49.999982,50.000018
181,49.999982,51.000018,False,49.9999819,51.0000181
182,49.9999819,52.0000181,False,49.9999818,52.0000182
183,49.9999818,53.0000182,False,49.9999817,53.0000183
184,49.9999817,54.0000183,False,49.9999816,54.0000184
185,49.9999816,50.0000184,False,49.9999815,50.0000185
186,49.9999815,51.0000185,False,49.9999814,51.0000186
187,49.9999814,52.0000186,False,49.9999813,52.0000187
188,49.9999813,53.0000187,False,49.9999812,53.0000188
189,49.9999812,54.0000188,False,49.9999811,54.0000189
190,49.9999811,50.0000189,False,49.999981,50.000019
191,49.999981,51.000019,False,49.9999809,51.0000191
192,49.9999809,52.0000191,False,49.9999808,52.0000192
193,49.9999808,53.0000192,False,49.9999807,53.0000193
194,49.9999807,54.0000193,False,49.9999806,54.0000194
195,49.9999806,50.0000194,False,49.9999805,50.0000195
196,49.9999805,51.0000195,False,49.9999804,51.0000196
197,49.9999804,52.0000196,False,49.9999803,52.0000197
198,49.9999803,53.0000197,False,49.9999802,53.0000198
199,49.9999802,54.0000198,False,49.9999801,54.0000199
200,49.9999801,50.0000199,False,49.99998,50.00002
201,49.99998,51.00002,False,49.9999799,51.0000201
202,49.9999799,52.0000201,False,49.9999798,52.0000202
203,49.9999798,53.0000202,False,49.9999797,53.0000203
204,49.9999797,54.0000203,False,49.9999796,54.0000204
205,49.9999796,50.0000204,False,49.9999795,50.0000205
206,49.9999795,51.0000205,False,49.9999794,51.0000206
207,49.9999794,52.0000206,False,49.9999793,52.0000207
208,49.9999793,53.0000207,False,49.9999792,53.0000208
209,49.9999792,54.0000208,False,49.9999791,54.0000209
210,49.9999791,50.0000209,False,49.999979,50.000021
211,49.999979,51.000021,False,49.9999789,51.0000211
212,49.9999789,52.0000211,False,49.9999788,52.0000212
213,49.9999788,53.0000212,False,49.9999787,53.0000213
214,49.9999787,54.0000213,False,49.9999786,54.0000214
215,49.9999786,50.0000214,False,49.9999785,50.0000215
216,49.9999785,51.0000215,False,49.9999784,51.0000216
217,49.9999784,52.0000216,False,49.9999783,52.0000217
218,49.9999783,53.0000217,False,49.9999782,53.0000218
219,49.9999782,54.0000218,False,49.9999781,54.0000219
220,49.9999781,50.0000219,False,49.999978,50.000022
221,49.999978,51.000022,False,49.9999779,51.0000221
222,49.9999779,52.0000221,False,49.9999778,52.0000222
223,49.9999778,53.0000222,False,49.9999777,53.0000223
224,49.9999777,54.0000223,False,49.9999776,54.0000224
225,49.9999776,50.0000224,False,49.9999775,50.0000225
226,49.9999775,51.0000225,False,49.9999774,51.0000226
227,49.9999774,52.0000226,False,49.9999773,52.0000227
228,49.9999773,53.0000227,False,49.9999772,53.0000228
229,49.9999772,54.0000228,False,49.9999771,54.0000229
230,49.9999771,50.0000229,False,49.999977,50.000023
231,49.999977,51.000023,False,49.9999769,51.0000231
232,49.9999769,52.0000231,False,49.9999768,52.0000232
233,49.9999768,53.0000232,False,49.9999767,53.0000233
234,49.9999767,54.0000233,False,49.9999766,54.0000234
235,49.9999766,50.0000234,False,49.9999765,50.0000235
236,49.9999765,51.0000235,False,49.9999764,51.0000236
237,49.9999764,52.0000236,False,49.9999763,52.0000237
238,49.9999763,53.0000237,False,49.9999762,53.0000238
239,49.9999762,54.0000238,False,49.9999761,54.0000239
240,49.9999761,50.0000239,False,49.999976,50.000024
241,49.999976,51.000024,False,49.9999759,51.0000241
242,49.9999759,52.0000241,False,49.9999758,52.0000242
243,49.9999758,53.0000242,False,49.9999757,53.0000243
244,49.9999757,54.0000243,False,49.9999756,54.0000244
245,49.9999756,50.0000244,False,49.9999755,50.0000245
246,49.9999755,51.0000245,False,49.9999754,51.0000246
247,49.9999754,52.0000246,False,49.9999753,52.0000247
248,49.9999753,53.0000247,False,49.9999752,53.0000248
249,49.9999752,54.0000248,False,49.9999751,54.0000249
250,49.9999751,50.0000249,False,49.999975,50.000025
251,49.999975,51.000025,False,49.9999749,51.0000251
252,49.9999749,52.0000251,False,49.9999748,52.0000252
253,49.9999748,53.0000252,False,49.9999747,53.0000253
254,49.9999747,54.0000253,False,49.9999746,54.0000254
255,49.9999746,50.0000254,False,49.9999745,50.0000255
256,49.9999745,51.0000255,False,49.9999744,51.0000256
257,49.9999744,52.0000256,False,49.9999743,52.0000257
258,49.9999743,53.0000257,False,49.9999742,53.0000258
259,49.9999742,54.0000258,False,49.9999741,54.0000259
260,49.9999741,50.0000259,False,49.999974,50.000026
261,49.999974,51.000026,False,49.9999739,51.0000261
262,49.9999739,52.0000261,False,49.9999738,52.0000262
263,49.9999738,53.0000262,False,49.9999737,53.0000263
264,49.9999737,54.0000263,False,49.9999736,54.0000264
265,49.9999736,50.0000264,False,49.9999735,50.0000265
266,49.9999735,51.0000265,False,49.9999734,51.0000266
267,49.9999734,52.0000266,False,49.9999733,52.0000267
268,49.9999733,53.0000267,False,49.9999732,53.0000268
269,49.9999732,54.0000268,False,49.9999731,54.0000269
270,49.9999731,50.0000269,False,49.999973,50.000027
271,49.999973,51.000027,False,49.9999729,51.0000271
272,49.9999729,52.0000271,False,49.9999728,52.0000272
273,49.9999728,53.0000272,False,49.9999727,53.0000273
274,49.9999727,54.0000273,False,49.9999726,54.0000274
275,49.9999726,50.0000274,False,49.9999725,50.0000275
276,49.9999725,51.0000275,False,49.9999724,51.0000276
277,49.9999724,52.0000276,False,49.9999723,52.0000277
278,49.9999723,53.0000277,False,49.9999722,53.0000278
279,49.9999722,54.0000278,False,49.9999721,54.0000279
280,49.9999721,50.0000279,False,49.999972,50.000028
281,49.999972,51.000028,False,49.9999719,51.0000281
282,49.9999719,52.0000281,False,49.9999718,52.0000282
283,49.9999718,53.0000282,False,49.9999717,53.0000283
284,49.9999717,54.0000283,False,49.9999716,54.0000284
285,49.9999716,50.0000284,False,49.9999715,50.0000285
286,49.9999715,51.0000285,False,49.9999714,51.0000286
287,49.9999714,52.0000286,False,49.9999713,52.0000287
288,49.9999713,53.0000287,False,49.9999712,53.0000288
289,49.9999712,54.0000288,False,49.9999711,54.0000289
290,49.9999711,50.0000289,False,49.999971,50.000029
291,49.999971,51.000029,False,49.9999709,51.0000291
292,49.9999709,52.0000291,False,49.9999708,52.0000292
293,49.9999708,53.0000292,False,49.9999707,53.0000293
294,49.9999707,54.0000293,False,49.9999706,54.0000294
295,49.9999706,50.0000294,False,49.9999705,50.0000295
296,49.9999705,51.0000295,False,49.9999704,51.0000296
297,49.9999704,52.0000296,False,49.9999703,52.0000297
298,49.9999703,53.0000297,False,49.9999702,53.0000298
299,49.9999702,54.0000298,False,49.9999701,54.0000299
300,49.9999701,50.0000299,False,49.99997,50.00003
301,49.99997,51.00003,False,49.9999699,51.0000301
302,49.9999699,52.0000301,False,49.9999698,52.0000302
303,49.9999698,53.0000302,False,49.9999697,53.0000303
304,49.9999697,54.0000303,False,49.9999696,54.0000304
305,49.9999696,50.0000304,False,49.9999695,50.0000305
306,49.9999695,51.0000305,False,49.9999694,51.0000306
307,49.9999694,52.0000306,False,49.9999693,52.0000307
308,49.9999693,53.0000307,False,49.9999692,53.0000308
309,49.9999692,54.0000308,False,49.9999691,54.0000309
310,49.9999691,50.0000309,False,49.999969,50.000031
311,49.999969,51.000031,False,49.9999689,51.0000311
312,49.9999689,52.0000311,False,49.9999688,52.0000312
313,49.9999688,53.0000312,False,49.9999687,53.0000313
314,49.9999687,54.0000313,False,49.9999686,54.0000314
315,49.9999686,50.0000314,False,49.9999685,50.0000315
316,49.9999685,51.0000315,False,49.9999684,51.0000316
317,49.9999684,52.0000316,False,49.9999683,52.0000317
318,49.9999683,53.0000317,False,49.9999682,53.0000318
319,49.9999682,54.0000318,False,49.9999681,54.0000319
320,49.9999681,50.0000319,False,49.999968,50.000032
321,49.999968,51.000032,False,49.9999679,51.0000321
322,49.9999679,52.0000321,False,49.9999678,52.0000322
323,49.9999678,53.0000322,False,49.9999677,53.0000323
324,49.9999677,54.0000323,False,49.9999676,54.0000324
325,49.9999676,50.0000324,False,49.9999675,50.0000325
326,49.9999675,51.0000325,False,49.9999674,51.0000326
327,49.9999674,52.0000326,False,49.9999673,52.0000327
328,49.9999673,53.0000327,False,49.9999672,53.0000328
329,49.9999672,54.0000328,False,49.9999671,54.0000329
330,49.9999671,50.0000329,False,49.999967,50.000033
331,49.999967,51.000033,False,49.9999669,51.0000331
332,49.9999669,52.0000331,False,49.9999668,52.0000332
333,49.9999668,53.0000332,False,49.9999667,53.0000333
334,49.9999667,54.0000333,False,49.9999666,54.0000334
335,49.9999666,50.0000334,False,49.9999665,50.0000335
336,49.9999665,51.0000335,False,49.9999664,51.0000336
337,49.9999664,52.0000336,False,49.9999663,52.0000337
338,49.9999663,53.0000337,False,49.9999662,53.0000338
339,49.9999662,54.0000338,False,49.9999661,54.0000339
340,49.9999661,50.0000339,False,49.999966,50.000034
341,49.999966,51.000034,False,49.9999659,51.0000341
342,49.9999659,52.0000341,False,49.9999658,52.0000342
343,49.9999658,53.0000342,False,49.9999657,53.0000343
344,49.9999657,54.0000343,False,49.9999656,54.0000344
345,49.9999656,50.0000344,False,49.9999655,50.0000345
346,49.9999655,51.0000345,False,49.9999654,51.0000346
347,49.9999654,52.0000346,False,49.9999653,52.0000347
348,49.9999653,53.0000347,False,49.9999652,53.0000348
349,49.9999652,54.0000348,False,49.9999651,54.0000349
350,49.9999651,50.0000349,False,49.999965,50.000035
351,49.999965,51.000035,False,49.9999649,51.0000351
352,49.9999649,52.0000351,False,49.9999648,52.0000352
353,49.9999648,53.0000352,False,49.9999647,53.0000353
354,49.9999647,54.0000353,False,49.9999646,54.0000354
355,49.9999646,50.0000354,False,49.9999645,50.0000355
356,49.9999645,51.0000355,False,49.9999644,51.0000356
357,49.9999644,52.0000356,False,49.9999643,52.0000357
358,49.9999643,53.0000357,False,49.9999642,53.0000358
359,49.9999642,54.0000358,False,49.9999641,54.0000359
360,49.9999641,50.0000359,False,49.999964,50.000036
361,49.999964,51.000036,False,49.9999639,51.0000361
362,49.9999639,52.0000361,False,49.9999638,52.0000362
363,49.9999638,53.0000362,False,49.9999637,53.0000363
364,49.9999637,54.0000363,False,49.9999636,54.0000364
365,49.9999636,50.0000364,False,49.9999635,50.0000365
366,49.9999635,51.0000365,False,49.9999634,51.0000366
367,49.9999634,52.0000366,False,49.9999633,52.0000367
368,49.9999633,53.0000367,False,49.9999632,53.0000368
369,49.9999632,54.0000368,False,49.9999631,54.0000369
370,49.9999631,50.0000369,False,49.999963,50.000037
371,49.999963,51.000037,False,49.9999629,51.0000371
372,49.9999629,52.0000371,False,49.9999628,52.0000372
373,49.9999628,53.0000372,False,49.9999627,53.0000373
374,49.9999627,54.0000373,False,49.9999626,54.0000374
375,49.9999626,50.0000374,False,49.9999625,50.0000375
376,49.9999625,51.0000375,False,49.9999624,51.0000376
377,49.9999624,52.0000376,False,49.9999623,52.0000377
378,49.9999623,53.0000377,False,49.9999622,53.0000378
379,49.9999622,54.0000378,False,49.9999621,54.0000379
380,49.9999621,50.0000379,False,49.999962,50.000038
381,49.999962,51.000038,False,49.9999619,51.0000381
382,49.9999619,52.0000381,False,49.9999618,52.0000382
383,49.9999618,53.0000382,False,49.9999617,53.0000383
384,49.9999617,54.0000383,False,49.9999616,54.0000384
385,49.9999616,50.0000384,False,49.9999615,50.0000385
386,49.9999615,51.0000385,False,49.9999614,51.0000386
387,49.9999614,52.0000386,False,49.9999613,52.0000387
388,49.9999613,53.0000387,False,49.9999612,53.0000388
389,49.9999612,54.0000388,False,49.9999611,54.0000389
390,49.9999611,50.0000389,False,49.999961,50.000039
391,49.999961,51.000039,False,49.9999609,51.0000391
392,49.9999609,52.0000391,False,49.9999608,52.0000392
393,49.9999608,53.0000392,False,49.9999607,53.0000393
394,49.9999607,54.0000393,False,49.9999606,54.0000394
395,49.9999606,50.0000394,False,49.9999605,50.0000395
396,49.9999605,51.0000395,False,49.9999604,51.0000396
397,49.9999604,52.0000396,False,49.9999603,52.0000397
398,49.9999603,53.0000397,False,49.9999602,53.0000398
399,49.9999602,54.0000398,False,49.9999601,54.0000399
400,49.9999601,50.0000399,False,49.99996,50.00004
401,49.99996,51.00004,False,49.9999599,51.0000401
402,49.9999599,52.0000401,False,49.9999598,52.0000402
403,49.9999598,53.0000402,False,49.9999597,53.0000403
404,49.9999597,54.0000403,False,49.9999596,54.0000404
405,49.9999596,50.0000404,False,49.9999595,50.0000405
406,49.9999595,51.0000405,False,49.9999594,51.0000406
407,49.9999594,52.0000406,False,49.9999593,52.0000407
408,49.9999593,53.0000407,False,49.9999592,53.0000408
409,49.9999592,54.0000408,False,49.9999591,54.0000409
410,49.9999591,50.0000409,False,49.999959,50.000041
411,49.999959,51.000041,False,49.9999589,51.0000411
412,49.9999589,52.0000411,False,49.9999588,52.0000412
413,49.9999588,53.0000412,False,49.9999587,53.0000413
414,49.9999587,54.0000413,False,49.9999586,54.0000414
415,49.9999586,50.0000414,False,49.9999585,50.0000415
416,49.9999585,51.0000415,False,49.9999584,51.0000416
417,49.9999584,52.0000416,False,49.9999583,52.0000417
418,49.9999583,53.0000417,False,49.9999582,53.0000418
419,49.9999582,54.0000418,False,49.9999581,54.0000419
420,49.9999581,50.0000419,False,49.999958,50.000042
421,49.999958,51.000042,False,49.9999579,51.0000421
422,49.9999579,52.0000421,False,49.9999578,52.0000422
423,49.9999578,53.0000422,False,49.9999577,53.0000423
424,49.9999577,54.0000423,False,49.9999576,54.0000424
425,49.9999576,50.0000424,False,49.9999575,50.0000425
426,49.9999575,51.0000425,False,49.9999574,51.0000426
427,49.9999574,52.0000426,False,49.9999573,52.0000427
428,49.9999573,53.0000427,False,49.9999572,53.0000428
429,49.9999572,54.0000428,False,49.9999571,54.0000429
430,49.9999571,50.0000429,False,49.999957,50.000043
431,49.999957,51.000043,False,49.9999569,51.0000431
432,49.9999569,52.0000431,False,49.9999568,52.0000432
433,49.9999568,53.0000432,False,49.9999567,53.0000433
434,49.9999567,54.0000433,False,49.9999566,54.0000434
435,49.9999566,50.0000434,False,49.9999565,50.0000435
436,49.9999565,51.0000435,False,49.9999564,51.0000436
437,49.9999564,52.0000436,False,49.9999563,52.0000437
438,49.9999563,53.0000437,False,49.9999562,53.0000438
439,49.9999562,54.0000438,False,49.9999561,54.0000439
440,49.9999561,50.0000439,False,49.999956,50.000044
441,49.999956,51.000044,False,49.9999559,51.0000441
442,49.9999559,52.0000441,False,49.9999558,52.0000442
443,49.9999558,53.0000442,False,49.9999557,53.0000443
444,49.9999557,54.0000443,False,49.9999556,54.0000444
445,49.9999556,50.0000444,False,49.9999555,50.0000445
446,49.9999555,51.0000445,False,49.9999554,51.0000446
447,49.9999554,52.0000446,False,49.9999553,52.0000447
448,49.9999553,53.0000447,False,49.9999552,53.0000448
449,49.9999552,54.0000448,False,49.9999551,54.0000449
450,49.9999551,50.0000449,False,49.999955,50.000045
451,49.999955,51.000045,False,49.9999549,51.0000451
452,49.9999549,52.0000451,False,49.9999548,52.0000452
453,49.9999548,53.0000452,False,49.9999547,53.0000453
454,49.9999547,54.0000453,False,49.9999546,54.0000454
455,49.9999546,50.0000454,False,49.9999545,50.0000455
456,49.9999545,51.0000455,False,49.9999544,51.0000456
457,49.9999544,52.0000456,False,49.9999543,52.0000457
458,49.9999543,53.0000457,False,49.9999542,53.0000458
459,49.9999542,54.0000458,False,49.9999541,54.0000459
460,49.9999541,50.0000459,False,49.999954,50.000046
461,49.999954,51.000046,False,49.9999539,51.0000461
462,49.9999539,52.0000461,False,49.9999538,52.0000462
463,49.9999538,53.0000462,False,49.9999537,53.0000463
464,49.9999537,54.0000463,False,49.9999536,54.0000464
465,49.9999536,50.0000464,False,49.9999535,50.0000465
466,49.9999535,51.0000465,False,49.9999534,51.0000466
467,49.9999534,52.0000466,False,49.9999533,52.0000467
468,49.9999533,53.0000467,False,49.9999532,53.0000468
469,49.9999532,54.0000468,False,49.9999531,54.0000469
470,49.9999531,50.0000469,False,49.999953,50.000047
471,49.999953,51.000047,False,49.9999529,51.0000471
472,49.9999529,52.0000471,False,49.9999528,52.0000472
473,49.9999528,53.0000472,False,49.9999527,53.0000473
474,49.9999527,54.0000473,False,49.9999526,54.0000474
475,49.9999526,50.0000474,False,49.9999525,50.0000475
476,49.9999525,51.0000475,False,49.9999524,51.0000476
477,49.9999524,52.0000476,False,49.9999523,52.0000477
478,49.9999523,53.0000477,False,49.9999522,53.0000478
479,49.9999522,54.0000478,False,49.9999521,54.0000479
480,49.9999521,50.0000479,False,49.999952,50.000048
481,49.999952,51.000048,False,49.9999519,51.0000481
482,49.9999519,52.0000481,False,49.9999518,52.0000482
483,49.9999518,53.0000482,False,49.9999517,53.0000483
484,49.9999517,54.0000483,False,49.9999516,54.0000484
485,49.9999516,50.0000484,False,49.9999515,50.0000485
486,49.9999515,51.0000485,False,49.9999514,51.0000486
487,49.9999514,52.0000486,False,49.9999513,52.0000487
488,49.9999513,53.0000487,False,49.9999512,53.0000488
489,49.9999512,54.0000488,False,49.9999511,54.0000489
490,49.9999511,50.0000489,False,49.999951,50.000049
491,49.999951,51.000049,False,49.9999509,51.0000491
492,49.9999509,52.0000491,False,49.9999508,52.0000492
493,49.9999508,53.0000492,False,49.9999507,53.0000493
494,49.9999507,54.0000493,False,49.9999506,54.0000494
495,49.9999506,50.0000494,False,49.9999505,50.0000495
496,49.9999505,51.0000495,False,49.9999504,51.0000496
497,49.9999504,52.0000496,False,49.9999503,52.0000497
498,49.9999503,53.0000497,False,49.9999502,53.0000498
499,49.9999502,54.0000498,False,49.9999501,54.0000499
500,49.9999501,50.0000499,False,49.99995,50.00005
501,49.99995,51.00005,False,49.9999499,51.0000501
502,49.9999499,52.0000501,False,49.9999498,52.0000502
503,49.9999498,53.0000502,False,49.9999497,53.0000503
504,49.9999497,54.0000503,False,49.9999496,54.0000504
505,49.9999496,50.0000504,False,49.9999495,50.0000505
506,49.9999495,51.0000505,False,49.9999494,51.0000506
507,49.9999494,52.0000506,False,49.9999493,52.0000507
508,49.9999493,53.0000507,False,49.9999492,53.0000508
509,49.9999492,54.0000508,False,49.9999491,54.0000509
510,49.9999491,50.0000509,False,49.999949,50.000051
511,49.999949,51.000051,False,49.9999489,51.0000511
512,49.9999489,52.0000511,False,49.9999488,52.0000512
513,49.9999488,53.0000512,False,49.9999487,53.0000513
514,49.9999487,54.0000513,False,49.9999486,54.0000514
515,49.9999486,50.0000514,False,49.9999485,50.0000515
516,49.9999485,51.0000515,False,49.9999484,51.0000516
517,49.9999484,52.0000516,False,49.9999483,52.0000517
518,49.9999483,53.0000517,False,49.9999482,53.0000518
519,49.9999482,54.0000518,False,49.9999481,54.0000519
520,49.9999481,50.0000519,False,49.999948,50.000052
521,49.999948,51.000052,False,49.9999479,51.0000521
522,49.9999479,52.0000521,False,49.9999478,52.0000522
523,49.9999478,53.0000522,False,49.9999477,53.0000523
524,49.9999477,54.0000523,False,49.9999476,54.0000524
525,49.9999476,50.0000524,False,49.9999475,50.0000525
526,49.9999475,51.0000525,False,49.9999474,51.0000526
527,49.9999474,52.0000526,False,49.9999473,52.0000527
528,49.9999473,53.0000527,False,49.9999472,53.0000528
529,49.9999472,54.0000528,False,49.9999471,54.0000529
530,49.9999471,50.0000529,False,49.999947,50.000053
531,49.999947,51.000053,False,49.9999469,51.0000531
532,49.9999469,52.0000531,False,49.9999468,52.0000532
533,49.9999468,53.0000532,False,49.9999467,53.0000533
534,49.9999467,54.0000533,False,49.9999466,54.0000534
535,49.9999466,50.0000534,False,49.9999465,50.0000535
536,49.9999465,51.0000535,False,49.9999464,51.0000536
537,49.9999464,52.0000536,False,49.9999463,52.0000537
538,49.9999463,53.0000537,False,49.9999462,53.0000538
539,49.9999462,54.0000538,False,49.9999461,54.0000539
540,49.9999461,50.0000539,False,49.999946,50.000054
541,49.999946,51.000054,False,49.9999459,51.0000541
542,49.9999459,52.0000541,False,49.9999458,52.0000542
543,49.9999458,53.0000542,False,49.9999457,53.0000543
544,49.9999457,54.0000543,False,49.9999456,54.0000544
545,49.9999456,50.0000544,False,49.9999455,50.0000545
546,49.9999455,51.0000545,False,49.9999454,51.0000546
547,49.9999454,52.0000546,False,49.9999453,52.0000547
548,49.9999453,53.0000547,False,49.9999452,53.0000548
549,49.9999452,54.0000548,False,49.9999451,54.0000549
550,49.9999451,50.0000549,False,49.999945,50.000055
551,49.999945,51.000055,False,49.9999449,51.0000551
552,49.9999449,52.0000551,False,49.9999448,52.0000552
553,49.9999448,53.0000552,False,49.9999447,53.0000553
554,49.9999447,54.0000553,False,49.9999446,54.0000554
555,49.9999446,50.0000554,False,49.9999445,50.0000555
556,49.9999445,51.0000555,False,49.9999444,51.0000556
557,49.9999444,52.0000556,False,49.9999443,52.0000557
558,49.9999443,53.0000557,False,49.9999442,53.0000558
559,49.9999442,54.0000558,False,49.9999441,54.0000559
560,49.9999441,50.0000559,False,49.999944,50.000056
561,49.999944,51.000056,False,49.9999439,51.0000561
562,49.9999439,52.0000561,False,49.9999438,52.0000562
563,49.9999438,53.0000562,False,49.9999437,53.0000563
564,49.9999437,54.0000563,False,49.9999436,54.0000564
565,49.9999436,50.0000564,False,49.9999435,50.0000565
566,49.9999435,51.0000565,False,49.9999434,51.0000566
567,49.9999434,52.0000566,False,49.9999433,52.0000567
568,49.9999433,53.0000567,False,49.9999432,53.0000568
569,49.9999432,54.0000568,False,49.9999431,54.0000569
570,49.9999431,50.0000569,False,49.999943,50.000057
571,49.999943,51.000057,False,49.9999429,51.0000571
572,49.9999429,52.0000571,False,49.9999428,52.0000572
573,49.9999428,53.0000572,False,49.9999427,53.0000573
574,49.9999427,54.0000573,False,49.9999426,54.0000574
575,49.9999426,50.0000574,False,49.9999425,50.0000575
576,49.9999425,51.0000575,False,49.9999424,51.0000576
577,49.9999424,52.0000576,False,49.9999423,52.0000577
578,49.9999423,53.0000577,False,49.9999422,53.0000578
579,49.9999422,54.0000578,False,49.9999421,54.0000579
580,49.9999421,50.0000579,False,49.999942,50.000058
581,49.999942,51.000058,False,49.9999419,51.0000581
582,49.9999419,52.0000581,False,49.9999418,52.0000582
583,49.9999418,53.0000582,False,49.9999417,53.0000583
584,49.9999417,54.0000583,False,49.9999416,54.0000584
585,49.9999416,50.0000584,False,49.9999415,50.0000585
586,49.9999415,51.0000585,False,49.9999414,51.0000586
587,49.9999414,52.0000586,False,49.9999413,52.0000587
588,49.9999413,53.0000587,False,49.9999412,53.0000588
589,49.9999412,54.0000588,False,49.9999411,54.0000589
590,49.9999411,50.0000589,False,49.999941,50.000059
591,49.999941,51.000059,False,49.9999409,51.0000591
592,49.9999409,52.0000591,False,49.9999408,52.0000592
593,49.9999408,53.0000592,False,49.9999407,53.0000593
594,49.9999407,54.0000593,False,49.9999406,54.0000594
595,49.9999406,50.0000594,False,49.9999405,50.0000595
596,49.9999405,51.0000595,False,49.9999404,51.0000596
597,49.9999404,52.0000596,False,49.9999403,52.0000597
598,49.9999403,53.0000597,False,49.9999402,53.0000598
599,49.9999402,54.0000598,False,49.9999401,54.0000599
600,49.9999401,50.0000599,False,49.99994,50.00006
601,49.99994,51.00006,False,49.9999399,51.0000601
602,49.9999399,52.0000601,False,49.9999398,52.0000602
603,49.9999398,53.0000602,False,49.9999397,53.0000603
604,49.9999397,54.0000603,False,49.9999396,54.0000604
605,49.9999396,50.0000604,False,49.9999395,50.0000605
606,49.9999395,51.0000605,False,49.9999394,51.0000606
607,49.9999394,52.0000606,False,49.9999393,52.0000607
608,49.9999393,53.0000607,False,49.9999392,53.0000608
609,49.9999392,54.0000608,False,49.9999391,54.0000609
610,49.9999391,50.0000609,False,49.999939,50.000061
611,49.999939,51.000061,False,49.9999389,51.0000611
612,49.9999389,52.0000611,False,49.9999388,52.0000612
613,49.9999388,53.0000612,False,49.9999387,53.0000613
614,49.9999387,54.0000613,False,49.9999386,54.0000614
615,49.9999386,50.0000614,False,49.9999385,50.0000615
616,49.9999385,51.0000615,False,49.9999384,51.0000616
617,49.9999384,52.0000616,False,49.9999383,52.0000617
618,49.9999383,53.0000617,False,49.9999382,53.0000618
619,49.9999382,54.0000618,False,49.9999381,54.0000619
620,49.9999381,50.0000619,False,49.999938,50.000062
621,49.999938,51.000062,False,49.9999379,51.0000621
622,49.9999379,52.0000621,False,49.9999378,52.0000622
623,49.9999378,53.0000622,False,49.9999377,53.0000623
624,49.9999377,54.0000623,False,49.9999376,54.0000624
625,49.9999376,50.0000624,False,49.9999375,50.0000625
626,49.9999375,51.0000625,False,49.9999374,51.0000626
627,49.9999374,52.0000626,False,49.9999373,52.0000627
628,49.9999373,53.0000627,False,49.9999372,53.0000628
629,49.9999372,54.0000628,False,49.9999371,54.0000629
630,49.9999371,50.0000629,False,49.999937,50.000063
631,49.999937,51.000063,False,49.9999369,51.0000631
632,49.9999369,52.0000631,False,49.9999368,52.0000632
633,49.9999368,53.0000632,False,49.9999367,53.0000633
634,49.9999367,54.0000633,False,49.9999366,54.0000634
635,49.9999366,50.0000634,False,49.9999365,50.0000635
636,49.9999365,51.0000635,False,49.9999364,51.0000636
637,49.9999364,52.0000636,False,49.9999363,52.0000637
638,49.9999363,53.0000637,False,49.9999362,53.0000638
639,49.9999362,54.0000638,False,49.9999361,54.0000639
640,49.9999361,50.0000639,False,49.999936,50.000064
641,49.999936,51.000064,False,49.9999359,51.0000641
642,49.9999359,52.0000641,False,49.9999358,52.0000642
643,49.9999358,53.0000642,False,49.9999357,53.0000643
644,49.9999357,54.0000643,False,49.9999356,54.0000644
645,49.9999356,50.0000644,False,49.9999355,50.0000645
646,49.9999355,51.0000645,False,49.9999354,51.0000646
647,49.9999354,52.0000646,False,49.9999353,52.0000647
648,49.9999353,53.0000647,False,49.9999352,53.0000648
649,49.9999352,54.0000648,False,49.9999351,54.0000649
650,49.9999351,50.0000649,False,49.999935,50.000065
651,49.999935,51.000065,False,49.9999349,51.0000651
652,49.9999349,52.0000651,False,49.9999348,52.0000652
653,49.9999348,53.0000652,False,49.9999347,53.0000653
654,49.9999347,54.0000653,False,49.9999346,54.0000654
655,49.9999346,50.0000654,False,49.9999345,50.0000655
656,49.9999345,51.0000655,False,49.9999344,51.0000656
657,49.9999344,52.0000656,False,49.9999343,52.0000657
658,49.9999343,53.0000657,False,49.9999342,53.0000658
659,49.9999342,54.0000658,False,49.9999341,54.0000659
660,49.9999341,50.0000659,False,49.999934,50.000066
661,49.999934,51.000066,False,49.9999339,51.0000661
662,49.9999339,52.0000661,False,49.9999338,52.0000662
663,49.9999338,53.0000662,False,49.9999337,53.0000663
664,49.9999337,54.0000663,False,49.9999336,54.0000664
665,49.9999336,50.0000664,False,49.9999335,50.0000665
666,49.9999335,51.0000665,False,49.9999334,51.0000666
667,49.9999334,52.0000666,False,49.9999333,52.0000667
668,49.9999333,53.0000667,False,49.9999332,53.0000668
669,49.9999332,54.0000668,False,49.9999331,54.0000669
670,49.9999331,50.0000669,False,49.999933,50.000067
671,49.999933,51.000067,False,49.9999329,51.0000671
672,49.9999329,52.0000671,False,49.9999328,52.0000672
673,49.9999328,53.0000672,False,49.9999327,53.0000673
674,49.9999327,54.0000673,False,49.9999326,54.0000674
675,49.9999326,50.0000674,False,49.9999325,50.0000675
676,49.9999325,51.0000675,False,49.9999324,51.0000676
677,49.9999324,52.0000676,False,49.9999323,52.0000677
678,49.9999323,53.0000677,False,49.9999322,53.0000678
679,49.9999322,54.0000678,False,49.9999321,54.0000679
680,49.9999321,50.0000679,False,49.999932,50.000068
681,49.999932,51.000068,False,49.9999319,51.0000681
682,49.9999319,52.0000681,False,49.9999318,52.0000682
683,49.9999318,53.0000682,False,49.9999317,53.0000683
684,49.9999317,54.0000683,False,49.9999316,54.0000684
685,49.9999316,50.0000684,False,49.9999315,50.0000685
686,49.9999315,51.0000685,False,49.9999314,51.0000686
687,49.9999314,52.0000686,False,49.9999313,52.0000687
688,49.9999313,53.0000687,False,49.9999312,53.0000688
689,49.9999312,54.0000688,False,49.9999311,54.0000689
690,49.9999311,50.0000689,False,49.999931,50.000069
691,49.999931,51.000069,False,49.9999309,51.0000691
692,49.9999309,52.0000691,False,49.9999308,52.0000692
693,49.9999308,53.0000692,False,49.9999307,53.0000693
694,49.9999307,54.0000693,False,49.9999306,54.0000694
695,49.9999306,50.0000694,False,49.9999305,50.0000695
696,49.9999305,51.0000695,False,49.9999304,51.0000696
697,49.9999304,52.0000696,False,49.9999303,52.0000697
698,49.9999303,53.0000697,False,49.9999302,53.0000698
699,49.9999302,54.0000698,False,49.9999301,54.0000699
700,49.9999301,50.0000699,False,49.99993,50.00007
701,49.99993,51.00007,False,49.9999299,51.0000701
702,49.9999299,52.0000701,False,49.9999298,52.0000702
703,49.9999298,53.0000702,False,49.9999297,53.0000703
704,49.9999297,54.0000703,False,49.9999296,54.0000704
705,49.9999296,50.0000704,False,49.9999295,50.0000705
706,49.9999295,51.0000705,False,49.9999294,51.0000706
707,49.9999294,52.0000706,False,49.9999293,52.0000707
708,49.9999293,53.0000707,False,49.9999292,53.0000708
709,49.9999292,54.0000708,False,49.9999291,54.0000709
710,49.9999291,50.0000709,False,49.999929,50.000071
711,49.999929,51.000071,False,49.9999289,51.0000711
712,49.9999289,52.0000711,False,49.9999288,52.0000712
713,49.9999288,53.0000712,False,49.9999287,53.0000713
714,49.9999287,54.0000713,False,49.9999286,54.0000714
715,49.9999286,50.0000714,False,49.9999285,50.0000715
716,49.9999285,51.0000715,False,49.9999284,51.0000716
717,49.9999284,52.0000716,False,49.9999283,52.0000717
718,49.9999283,53.0000717,False,49.9999282,53.0000718
719,49.9999282,54.0000718,False,49.9999281,54.0000719
720,49.9999281,50.0000719,False,49.999928,50.000072
721,49.999928,51.000072,False,49.9999279,51.0000721
722,49.9999279,52.0000721,False,49.9999278,52.0000722
723,49.9999278,53.0000722,False,49.9999277,53.0000723
724,49.9999277,54.0000723,False,49.9999276,54.0000724
725,49.9999276,50.0000724,False,49.9999275,50.0000725
726,49.9999275,51.0000725,False,49.9999274,51.0000726
727,49.9999274,52.0000726,False,49.9999273,52.0000727
728,49.9999273,53.0000727,False,49.9999272,53.0000728
729,49.9999272,54.0000728,False,49.9999271,54.0000729
730,49.9999271,50.0000729,False,49.999927,50.000073
731,49.999927,51.000073,False,49.9999269,51.0000731
732,49.9999269,52.0000731,False,49.9999268,52.0000732
733,49.9999268,53.0000732,False,49.9999267,53.0000733
734,49.9999267,54.0000733,False,49.9999266,54.0000734
735,49.9999266,50.0000734,False,49.9999265,50.0000735
736,49.9999265,51.0000735,False,49.9999264,51.0000736
737,49.9999264,52.0000736,False,49.9999263,52.0000737
738,49.9999263,53.0000737,False,49.9999262,53.0000738
739,49.9999262,54.0000738,False,49.9999261,54.0000739
740,49.9999261,50.0000739,False,49.999926,50.000074
741,49.999926,51.000074,False,49.9999259,51.0000741
742,49.9999259,52.0000741,False,49.9999258,52.0000742
743,49.9999258,53.0000742,False,49.9999257,53.0000743
744,49.9999257,54.0000743,False,49.9999256,54.0000744
745,49.9999256,50.0000744,False,49.9999255,50.0000745
746,49.9999255,51.0000745,False,49.9999254,51.0000746
747,49.9999254,52.0000746,False,49.9999253,52.0000747
748,49.9999253,53.0000747,False,49.9999252,53.0000748
749,49.9999252,54.0000748,False,49.9999251,54.0000749
750,49.9999251,50.0000749,False,49.999925,50.000075
751,49.999925,51.000075,False,49.9999249,51.0000751
752,49.9999249,52.0000751,False,49.9999248,52.0000752
753,49.9999248,53.0000752,False,49.9999247,53.0000753
754,49.9999247,54.0000753,False,49.9999246,54.0000754
755,49.9999246,50.0000754,False,49.9999245,50.0000755
756,49.9999245,51.0000755,False,49.9999244,51.0000756
757,49.9999244,52.0000756,False,49.9999243,52.0000757
758,49.9999243,53.0000757,False,49.9999242,53.0000758
759,49.9999242,54.0000758,False,49.9999241,54.0000759
760,49.9999241,50.0000759,False,49.999924,50.000076
761,49.999924,51.000076,False,49.9999239,51.0000761
762,49.9999239,52.0000761,False,49.9999238,52.0000762
763,49.9999238,53.0000762,False,49.9999237,53.0000763
764,49.9999237,54.0000763,False,49.9999236,54.0000764
765,49.9999236,50.0000764,False,49.9999235,50.0000765
766,49.9999235,51.0000765,False,49.9999234,51.0000766
767,49.9999234,52.0000766,False,49.9999233,52.0000767
768,49.9999233,53.0000767,False,49.9999232,53.0000768
769,49.9999232,54.0000768,False,49.9999231,54.0000769
770,49.9999231,50.0000769,False,49.999923,50.000077
771,49.999923,51.000077,False,49.9999229,51.0000771
772,49.9999229,52.0000771,False,49.9999228,52.0000772
773,49.9999228,53.0000772,False,49.9999227,53.0000773
774,49.9999227,54.0000773,False,49.9999226,54.0000774
775,49.9999226,50.0000774,False,49.9999225,50.0000775
776,49.9999225,51.0000775,False,49.9999224,51.0000776
777,49.9999224,52.0000776,False,49.9999223,52.0000777
778,49.9999223,53.0000777,False,49.9999222,53.0000778
779,49.9999222,54.0000778,False,49.9999221,54.0000779
780,49.9999221,50.0000779,False,49.999922,50.000078
781,49.999922,51.000078,False,49.9999219,51.0000781
782,49.9999219,52.0000781,False,49.9999218,52.0000782
783,49.9999218,53.0000782,False,49.9999217,53.0000783
784,49.9999217,54.0000783,False,49.9999216,54.0000784
785,49.9999216,50.0000784,False,49.9999215,50.0000785
786,49.9999215,51.0000785,False,49.9999214,51.0000786
787,49.9999214,52.0000786,False,49.9999213,52.0000787
788,49.9999213,53.0000787,False,49.9999212,53.0000788
789,49.9999212,54.0000788,False,49.9999211,54.0000789
790,49.9999211,50.0000789,False,49.999921,50.000079
791,49.999921,51.000079,False,49.9999209,51.0000791
792,49.9999209,52.0000791,False,49.9999208,52.0000792
793,49.9999208,53.0000792,False,49.9999207,53.0000793
794,49.9999207,54.0000793,False,49.9999206,54.0000794
795,49.9999206,50.0000794,False,49.9999205,50.0000795
796,49.9999205,51.0000795,False,49.9999204,51.0000796
797,49.9999204,52.0000796,False,49.9999203,52.0000797
798,49.9999203,53.0000797,False,49.9999202,53.0000798
799,49.9999202,54.0000798,False,49.9999201,54.0000799
800,49.9999201,50.0000799,False,49.99992,50.00008
801,49.99992,51.00008,False,49.9999199,51.0000801
802,49.9999199,52.0000801,False,49.9999198,52.0000802
803,49.9999198,53.0000802,False,49.9999197,53.0000803
804,49.9999197,54.0000803,False,49.9999196,54.0000804
805,49.9999196,50.0000804,False,49.9999195,50.0000805
806,49.9999195,51.0000805,False,49.9999194,51.0000806
807,49.9999194,52.0000806,False,49.9999193,52.0000807
808,49.9999193,53.0000807,False,49.9999192,53.0000808
809,49.9999192,54.0000808,False,49.9999191,54.0000809
810,49.9999191,50.0000809,False,49.999919,50.000081
811,49.999919,51.000081,False,49.9999189,51.0000811
812,49.9999189,52.0000811,False,49.9999188,52.0000812
813,49.9999188,53.0000812,False,49.9999187,53.0000813
814,49.9999187,54.0000813,False,49.9999186,54.0000814
815,49.9999186,50.0000814,False,49.9999185,50.0000815
816,49.9999185,51.0000815,False,49.9999184,51.0000816
817,49.9999184,52.0000816,False,49.9999183,52.0000817
818,49.9999183,53.0000817,False,49.9999182,53.0000818
819,49.9999182,54.0000818,False,49.9999181,54.0000819
820,49.9999181,50.0000819,False,49.999918,50.000082
821,49.999918,51.000082,False,49.9999179,51.0000821
822,49.9999179,52.0000821,False,49.9999178,52.0000822
823,49.9999178,53.0000822,False,49.9999177,53.0000823
824,49.9999177,54.0000823,False,49.9999176,54.0000824
825,49.9999176,50.0000824,False,49.9999175,50.0000825
826,49.9999175,51.0000825,False,49.9999174,51.0000826
827,49.9999174,52.0000826,False,49.9999173,52.0000827
828,49.9999173,53.0000827,False,49.9999172,53.0000828
829,49.9999172,54.0000828,False,49.9999171,54.0000829
830,49.9999171,50.0000829,False,49.999917,50.000083
831,49.999917,51.000083,False,49.9999169,51.0000831
832,49.9999169,52.0000831,False,49.9999168,52.0000832
833,49.9999168,53.0000832,False,49.9999167,53.0000833
834,49.9999167,54.0000833,False,49.9999166,54.0000834
835,49.9999166,50.0000834,False,49.9999165,50.0000835
836,49.9999165,51.0000835,False,49.9999164,51.0000836
837,49.9999164,52.0000836,False,49.9999163,52.0000837
838,49.9999163,53.0000837,False,49.9999162,53.0000838
839,49.9999162,54.0000838,False,49.9999161,54.0000839
840,49.9999161,50.0000839,False,49.999916,50.000084
841,49.999916,51.000084,False,49.9999159,51.0000841
842,49.9999159,52.0000841,False,49.9999158,52.0000842
843,49.9999158,53.0000842,False,49.9999157,53.0000843
844,49.9999157,54.0000843,False,49.9999156,54.0000844
845,49.9999156,50.0000844,False,49.9999155,50.0000845
846,49.9999155,51.0000845,False,49.9999154,51.0000846
847,49.9999154,52.0000846,False,49.9999153,52.0000847
848,49.9999153,53.0000847,False,49.9999152,53.0000848
849,49.9999152,54.0000848,False,49.9999151,54.0000849
850,49.9999151,50.0000849,False,49.999915,50.000085
851,49.999915,51.000085,False,49.9999149,51.0000851
852,49.9999149,52.0000851,False,49.9999148,52.0000852
853,49.9999148,53.0000852,False,49.9999147,53.0000853
854,49.9999147,54.0000853,False,49.9999146,54.0000854
855,49.9999146,50.0000854,False,49.9999145,50.0000855
856,49.9999145,51.0000855,False,49.9999144,51.0000856
857,49.9999144,52.0000856,False,49.9999143,52.0000857
858,49.9999143,53.0000857,False,49.9999142,53.0000858
859,49.9999142,54.0000858,False,49.9999141,54.0000859
860,49.9999141,50.0000859,False,49.999914,50.000086
861,49.999914,51.000086,False,49.9999139,51.0000861
862,49.9999139,52.0000861,False,49.9999138,52.0000862
863,49.9999138,53.0000862,False,49.9999137,53.0000863
864,49.9999137,54.0000863,False,49.9999136,54.0000864
865,49.9999136,50.0000864,False,49.9999135,50.0000865
866,49.9999135,51.0000865,False,49.9999134,51.0000866
867,49.9999134,52.0000866,False,49.9999133,52.0000867
868,49.9999133,53.0000867,False,49.9999132,53.0000868
869,49.9999132,54.0000868,False,49.9999131,54.0000869
870,49.9999131,50.0000869,False,49.999913,50.000087
871,49.999913,51.000087,False,49.9999129,51.0000871
872,49.9999129,52.0000871,False,49.9999128,52.0000872
873,49.9999128,53.0000872,False,49.9999127,53.0000873
874,49.9999127,54.0000873,False,49.9999126,54.0000874
875,49.9999126,50.0000874,False,49.9999125,50.0000875
876,49.9999125,51.0000875,False,49.9999124,51.0000876
877,49.9999124,52.0000876,False,49.9999123,52.0000877
878,49.9999123,53.0000877,False,49.9999122,53.0000878
879,49.9999122,54.0000878,False,49.9999121,54.0000879
880,49.9999121,50.0000879,False,49.999912,50.000088
881,49.999912,51.000088,False,49.9999119,51.0000881
882,49.9999119,52.0000881,False,49.9999118,52.0000882
883,49.9999118,53.0000882,False,49.9999117,53.0000883
884,49.9999117,54.0000883,False,49.9999116,54.0000884
885,49.9999116,50.0000884,False,49.9999115,50.0000885
886,49.9999115,51.0000885,False,49.9999114,51.0000886
887,49.9999114,52.0000886,False,49.9999113,52.0000887
888,49.9999113,53.0000887,False,49.9999112,53.0000888
889,49.9999112,54.0000888,False,49.9999111,54.0000889
890,49.9999111,50.0000889,False,49.999911,50.000089
891,49.999911,51.000089,False,49.9999109,51.0000891
892,49.9999109,52.0000891,False,49.9999108,52.0000892
893,49.9999108,53.0000892,False,49.9999107,53.0000893
894,49.9999107,54.0000893,False,49.9999106,54.0000894
895,49.9999106,50.0000894,False,49.9999105,50.0000895
896,49.9999105,51.0000895,False,49.9999104,51.0000896
897,49.9999104,52.0000896,False,49.9999103,52.0000897
898,49.9999103,53.0000897,False,49.9999102,53.0000898
899,49.9999102,54.0000898,False,49.9999101,54.0000899
900,49.9999101,50.0000899,False,49.99991,50.00009
901,49.99991,51.00009,False,49.9999099,51.0000901
902,49.9999099,52.0000901,False,49.9999098,52.0000902
903,49.9999098,53.0000902,False,49.9999097,53.0000903
904,49.9999097,54.0000903,False,49.9999096,54.0000904
905,49.9999096,50.0000904,False,49.9999095,50.0000905
906,49.9999095,51.0000905,False,49.9999094,51.0000906
907,49.9999094,52.0000906,False,49.9999093,52.0000907
908,49.9999093,53.0000907,False,49.9999092,53.0000908
909,49.9999092,54.0000908,False,49.9999091,54.0000909
910,49.9999091,50.0000909,False,49.999909,50.000091
911,49.999909,51.000091,False,49.9999089,51.0000911
912,49.9999089,52.0000911,False,49.9999088,52.0000912
913,49.9999088,53.0000912,False,49.9999087,53.0000913
914,49.9999087,54.0000913,False,49.9999086,54.0000914
915,49.9999086,50.0000914,False,49.9999085,50.0000915
916,49.9999085,51.0000915,False,49.9999084,51.0000916
917,49.9999084,52.0000916,False,49.9999083,52.0000917
918,49.9999083,53.0000917,False,49.9999082,53.0000918
919,49.9999082,54.0000918,False,49.9999081,54.0000919
920,49.9999081,50.0000919,False,49.999908,50.000092
921,49.999908,51.000092,False,49.9999079,51.0000921
922,49.9999079,52.0000921,False,49.9999078,52.0000922
923,49.9999078,53.0000922,False,49.9999077,53.0000923
924,49.9999077,54.0000923,False,49.9999076,54.0000924
925,49.9999076,50.0000924,False,49.9999075,50.0000925
926,49.9999075,51.0000925,False,49.9999074,51.0000926
927,49.9999074,52.0000926,False,49.9999073,52.0000927
928,49.9999073,53.0000927,False,49.9999072,53.0000928
929,49.9999072,54.0000928,False,49.9999071,54.0000929
930,49.9999071,50.0000929,False,49.999907,50.000093
931,49.999907,51.000093,False,49.9999069,51.0000931
932,49.9999069,52.0000931,False,49.9999068,52.0000932
933,49.9999068,53.0000932,False,49.9999067,53.0000933
934,49.9999067,54.0000933,False,49.9999066,54.0000934
935,49.9999066,50.0000934,False,49.9999065,50.0000935
936,49.9999065,51.0000935,False,49.9999064,51.0000936
937,49.9999064,52.0000936,False,49.9999063,52.0000937
938,49.9999063,53.0000937,False,49.9999062,53.0000938
939,49.9999062,54.0000938,False,49.9999061,54.0000939
940,49.9999061,50.0000939,False,49.999906,50.000094
941,49.999906,51.000094,False,49.9999059,51.0000941
942,49.9999059,52.0000941,False,49.9999058,52.0000942
943,49.9999058,53.0000942,False,49.9999057,53.0000943
944,49.9999057,54.0000943,False,49.9999056,54.0000944
945,49.9999056,50.0000944,False,49.9999055,50.0000945
946,49.9999055,51.0000945,False,49.9999054,51.0000946
947,49.9999054,52.0000946,False,49.9999053,52.0000947
948,49.9999053,53.0000947,False,49.9999052,53.0000948
949,49.9999052,54.0000948,False,49.9999051,54.0000949
950,49.9999051,50.0000949,False,49.999905,50.000095
951,49.999905,51.000095,False,49.9999049,51.0000951
952,49.9999049,52.0000951,False,49.9999048,52.0000952
953,49.9999048,53.0000952,False,49.9999047,53.0000953
954,49.9999047,54.0000953,False,49.9999046,54.0000954
955,49.9999046,50.0000954,False,49.9999045,50.0000955
956,49.9999045,51.0000955,False,49.9999044,51.0000956
957,49.9999044,52.0000956,False,49.9999043,52.0000957
958,49.9999043,53.0000957,False,49.9999042,53.0000958
959,49.9999042,54.0000958,False,49.9999041,54.0000959
960,49.9999041,50.0000959,False,49.999904,50.000096
961,49.999904,51.000096,False,49.9999039,51.0000961
962,49.9999039,52.0000961,False,49.9999038,52.0000962
963,49.9999038,53.0000962,False,49.9999037,53.0000963
964,49.9999037,54.0000963,False,49.9999036,54.0000964
965,49.9999036,50.0000964,False,49.9999035,50.0000965
966,49.9999035,51.0000965,False,49.9999034,51.0000966
967,49.9999034,52.0000966,False,49.9999033,52.0000967
968,49.9999033,53.0000967,False,49.9999032,53.0000968
969,49.9999032,54.0000968,False,49.9999031,54.0000969
970,49.9999031,50.0000969,False,49.999903,50.000097
971,49.999903,51.000097,False,49.9999029,51.0000971
972,49.9999029,52.0000971,False,49.9999028,52.0000972
973,49.9999028,53.0000972,False,49.9999027,53.0000973
974,49.9999027,54.0000973,False,49.9999026,54.0000974
975,49.9999026,50.0000974,False,49.9999025,50.0000975
976,49.9999025,51.0000975,False,49.9999024,51.0000976
977,49.9999024,52.0000976,False,49.9999023,52.0000977
978,49.9999023,53.0000977,False,49.9999022,53.0000978
979,49.9999022,54.0000978,False,49.9999021,54.0000979
980,49.9999021,50.0000979,False,49.999902,50.000098
981,49.999902,51.000098,False,49.9999019,51.0000981
982,49.9999019,52.0000981,False,49.9999018,52.0000982
983,49.9999018,53.0000982,False,49.9999017,53.0000983
984,49.9999017,54.0000983,False,49.9999016,54.0000984
985,49.9999016,50.0000984,False,49.9999015,50.0000985
986,49.9999015,51.0000985,False,49.9999014,51.0000986
987,49.9999014,52.0000986,False,49.9999013,52.0000987
988,49.9999013,53.0000987,False,49.9999012,53.0000988
989,49.9999012,54.0000988,False,49.9999011,54.0000989
990,49.9999011,50.0000989,False,49.999901,50.000099
991,49.999901,51.000099,False,49.9999009,51.0000991
992,49.9999009,52.0000991,False,49.9999008,52.0000992
993,49.9999008,53.0000992,False,49.9999007,53.0000993
994,49.9999007,54.0000993,False,49.9999006,54.0000994
995,49.9999006,50.0000994,False,49.9999005,50.0000995
996,49.9999005,51.0000995,False,49.9999004,51.0000996
997,49.9999004,52.0000996,False,49.9999003,52.0000997
998,49.9999003,53.0000997,False,49.9999002,53.0000998
999,49.9999002,54.0000998,False,49.9999001,54.0000999
